name.title,name.first,name.last,location.street.number,location.street.name,location.city,location.state,location.country,location.postcode,location.coordinates.latitude,location.coordinates.longitude,location.timezone.offset,location.timezone.description,email,login.uuid,login.username,login.password,login.salt,login.md5,login.sha1,login.sha256,phone,id.name,id.value
Mrs,Josefina,Benítez,7575,Avenida de Castilla,Zaragoza,Extremadura,Spain,93112,5.4177,80.7685,+9:30,"Adelaide, Darwin",josefina.benitez@example.com,707ec1f9-e503-4858-b4d3-eb187eefebcb,bluetiger767,starter,wcmFtH8s,835f9fc3d52931eb65eb7e38f763da42,93a0763f1a72d84e1fbbb0d40fffcfc676268018,d5c5426d7696b092233514fe7601946f6a28ed645e0321d0ede32e5a4f44a589,999-987-771,DNI,75681308-F
Mr,Adrián,García,8707,Calle Mota,Córdoba,Cataluña,Spain,28358,-61.6321,140.1385,-7:00,Mountain Time (US & Canada),adrian.garcia@example.com,f0fea23b-9ae2-461d-b450-52dd3632027e,bluerabbit586,kristina,idlE5Bzi,454de1953a4151a2c5aafbf06a01ab78,9a0c0ff2a12704696135b4f4706e674136a2a743,19a2523eba031060f89d70d26c2ae16542c1866f52dcfebcf2204990f6a02bad,926-874-547,DNI,28791654-Z
Mrs,Carla,Mora,8367,Calle del Barquillo,Burgos,Comunidad de Madrid,Spain,90297,-9.3043,-30.3820,+5:45,Kathmandu,carla.mora@example.com,282c8d43-3adb-4786-baa9-7483e4ecf2a9,bigpanda960,fordf150,lZULRRHx,8d79ccff118d2bfa72467c6f99e72e96,cedca87abbeaae46d9ef164a74d5b55e42faa372,768cb3d9832206a719c608b6ae03994f34e4b88f9698dce811f574cd81f74f72,919-121-900,DNI,87240274-S
Mr,Tomas,Velasco,7114,Paseo de Extremadura,Lugo,Ceuta,Spain,48526,-17.4111,167.3352,-1:00,"Azores, Cape Verde Islands",tomas.velasco@example.com,5b298cdc-28e3-4dc9-bb86-51bf7842f231,redlion632,111111,6Y4FnKg3,5239f591b47a9eb09d3a2a7ac7095d17,b10331eedfb62f6b929f60ad9674978b399d3642,39efa6d9e19b08f5bf116edb9fbaa1c08e26e5e6752a5e435b255692ac2ba741,921-536-035,DNI,25820048-S
Mr,Ignacio,Peña,9753,Calle de Arganzuela,Burgos,Castilla y León,Spain,28978,75.2380,-144.6187,+10:00,"Eastern Australia, Guam, Vladivostok",ignacio.pena@example.com,136fd964-7db4-4703-b7b2-1ff6be766ece,greenpanda384,bunny1,6o7b5G2J,144a71283b8360c5afac4118e78eb75c,3b04c295a486f1b4b431ed58cfbc71d43d9b1c2a,444db19159b3471d3a0a5aa2ad9a3de7032a24c717a725d58849ee1978049339,915-036-934,DNI,45483630-G
Mr,Pablo,Peña,2105,Calle de Arturo Soria,Oviedo,País Vasco,Spain,85782,0.2032,-99.1024,+3:00,"Baghdad, Riyadh, Moscow, St. Petersburg",pablo.pena@example.com,91e0a890-c632-485a-968a-185dba649d31,whitewolf150,jiang,GO53HGB8,b5616357f12fd9d792be87305069cedb,c82e5e39d9cb5d817dd4395422f9986664b7a3a5,7f6e9712d94c422a3777ee9522b72f161395281da6e11885d0736ba980ec2ba3,907-549-254,DNI,34527119-M
Mr,Isaac,Morales,9579,Calle de Pedro Bosch,Alcobendas,Extremadura,Spain,28749,-79.1569,-35.9011,-8:00,Pacific Time (US & Canada),isaac.morales@example.com,db647bff-4253-4e3f-8e8d-925b55a52814,purpleduck299,volume,YrFItYem,cc3dce223d916bd80d7b660e39f1421a,9ea007ea1aa8dfd899df52269f612dbfb0ecc2cb,8cb17f4d01b654e3b3802c3f6d593160e12386b773f21b4e518964caad4247d4,922-053-213,DNI,89172244-S
Mr,Samuel,Cruz,8944,Calle Nebrija,Burgos,Andalucía,Spain,43304,30.4186,157.0163,+8:00,"Beijing, Perth, Singapore, Hong Kong",samuel.cruz@example.com,56485742-1369-47e6-b503-e6db935aed8a,brownbutterfly632,sanity72,V1kqI541,e5bf51897caf66826580acb8f50e3531,951970ec6585045ca3604f6157dfde31ab259b9e,78c855a44d9cec4990d2db9603c0266d061408d65d8850a789ce492d56188bee,977-738-486,DNI,38990877-G
Mr,Gustavo,Cortes,3698,Calle de Toledo,Lorca,Galicia,Spain,10612,75.1253,136.0706,-3:00,"Brazil, Buenos Aires, Georgetown",gustavo.cortes@example.com,887f7ff0-8fc1-4b97-b497-393b15d35784,bigmeercat438,scotch,wYOnhNQa,376f0a2a56566d701837a028bb5a6f8e,6e340a4eac4dc1ec0fc3764b6d2061ff06fcbf00,7136161d3a7572fd8d9f33438b16638c75d6d2569911078e09189abc9b02fd00,976-981-904,DNI,33821854-O
Ms,Nieves,Montero,6798,Calle del Prado,Fuenlabrada,Galicia,Spain,62409,49.3461,-132.4764,-3:30,Newfoundland,nieves.montero@example.com,1f796892-f909-43d4-885d-13fa3335f331,tinybear336,thursday,qkjVnEnU,0d214be786a575341fc812c880c3abd8,5bb41ba432ab8eab14eb0fea563d676eb5b4dbda,b21435b5df240dc928a2cd7d99dee0385dbcee994e185005d63884a1983c9b9e,960-119-556,DNI,86642130-X
Mr,Jonathan,Benítez,9973,Calle de Tetuán,Castellón de la Plana,Castilla la Mancha,Spain,49352,9.5176,-61.8243,+7:00,"Bangkok, Hanoi, Jakarta",jonathan.benitez@example.com,3158c03a-094d-4f3c-8367-bd0e3dee205c,greengorilla251,chocolate,dMtzmz6I,1d191e64755a9b1b008ba938563b771c,f1fe41014fe155a55001ec697fef2d61a8e48a64,aea11568fad05bd120cf7641a2a5b522726e30b72842385507bb070ec27e07c6,901-924-106,DNI,82433749-F
Mr,Nicolas,Pérez,8686,Avenida de Burgos,Alcalá de Henares,Galicia,Spain,82592,62.3604,-118.5309,+3:00,"Baghdad, Riyadh, Moscow, St. Petersburg",nicolas.perez@example.com,48eedc41-984b-4bbb-ad7c-979b7eadf5de,ticklishcat118,flint,uJdXPUlr,c8807b5bfe6b64012235568f5e001fc1,4c6e0b75503f6c266e8cc5e8180d3ab30e5686ec,0a16e09c4828211c47f59a6016e70143c9c46c67ae309f387cecbe8044aca533,913-961-501,DNI,33963052-U
Miss,Carolina,Caballero,339,Calle de Toledo,Guadalajara,Castilla y León,Spain,43926,73.7361,-179.6186,+1:00,"Brussels, Copenhagen, Madrid, Paris",carolina.caballero@example.com,dbb34072-55a7-4a05-9a32-aa0c196e62ba,heavymeercat676,corvette,j2MJmNZl,7e2dcac6eef99d5df730e3f4b602a575,621a0c1a6a9273aaeb03518dfcc8aae1f7270915,182d747442b0860fcb9c970483762012d581c5e06e5b10f7585754d66c6570c6,996-568-159,DNI,88916159-C
Mr,Gustavo,García,4913,Paseo de Extremadura,Cuenca,Castilla la Mancha,Spain,40388,76.8760,127.5703,+3:00,"Baghdad, Riyadh, Moscow, St. Petersburg",gustavo.garcia@example.com,2f070ce9-e1b7-456d-b1d8-692eb9c4ad4a,greenfrog756,piccolo,yDnjk48m,640bd11a44310d7700659ca68fc352d9,cabcd31ed24fd4cdbae27c3bd6a869818b528355,2e1286df9685d22f2a4468aa6a57c6aeb8569b3f60f5b8ea216d5058b19ab29a,945-713-294,DNI,60082786-U
Mr,Felipe,Rodríguez,2212,Avenida de La Albufera,Gijón,Extremadura,Spain,87901,14.8180,-86.3620,+4:30,Kabul,felipe.rodriguez@example.com,22c373ce-e04e-42fa-822f-89a82b8c23cd,smallelephant191,philip,P6b35n73,37dfb564abaf3f8999e53e0b73846f6a,48fc47cc0699e7804df8563522c6012257d16815,50d7a0cac2602200fc6655f3e3bb339b37618eaf137cbf2bb7a63600ad663e50,967-700-642,DNI,99030740-S
Ms,Esperanza,Pascual,1499,Calle del Arenal,Jerez de la Frontera,Ceuta,Spain,92574,23.2995,55.5597,-8:00,Pacific Time (US & Canada),esperanza.pascual@example.com,63260e73-90cf-4a24-a094-636e83562aae,greengoose672,beatle,YoayScxv,5bf42286d631d312174170085b3fadf4,ac46c4c6765091b31f6a4ce77a540ff03e4464dc,972e6a471a2d8be30431029a01df42ffe2d85cd6504ea9ace202959893f542cb,949-867-154,DNI,34550351-P
Mr,José,Cruz,8080,Avenida de Salamanca,Santiago de Compostela,Navarra,Spain,52987,-73.9606,-132.1198,-12:00,"Eniwetok, Kwajalein",jose.cruz@example.com,f4621a1a-ae47-41dd-b755-c6f390cb8d10,smallostrich787,hailey,MLerlSxC,20f2ab6b02abb67a553d00e272ae8e28,9d168796a806401c6529ff75c8893432f47e4479,118ce7775803a4c4be05775610cd6e34e85906de711d2a17dc1bc2564527ca37,971-030-745,DNI,94935181-E
Ms,Milagros,Nieto,9329,Calle de Ferraz,La Coruña,Andalucía,Spain,61776,31.4192,110.3697,+3:30,Tehran,milagros.nieto@example.com,590cac24-5d10-4b4a-a5ea-1912436c46e0,silvermeercat459,awful,KcPVW5WH,d25dfea04a5b87437c4075fb2b23896e,5309da8f7b33a3d3b66f67c57762613acf073dec,c5b847a5280b6ee630a816e4eee61adc38e56aee016523cce1c59b699db60256,903-659-485,DNI,95910241-S
Mr,Salvador,Bravo,6464,Calle Nebrija,Arrecife,Aragón,Spain,12876,-26.8286,-57.4487,+6:00,"Almaty, Dhaka, Colombo",salvador.bravo@example.com,e96183c0-c310-470a-9562-d993ad2479a8,sadostrich927,toyota,CtyEihcw,af5f451a04e2ef5cd02d227720b9fe32,03b563aa5f361b284572c40663e1b6a7d5ceb812,ac3713a4f424894eed03788813e9e1901f7b79d2cb2f98806cecd33e22013ac9,919-422-912,DNI,93118634-R
Mr,Diego,Caballero,6177,Calle de Arganzuela,Lorca,Canarias,Spain,13099,-34.2225,89.1421,+9:30,"Adelaide, Darwin",diego.caballero@example.com,f98ad28f-5416-45e4-bece-2a28f1d57587,orangebird770,lowrider,nNmmlEHA,b7d511eee3ad91dfe0fa7bdcba60a9d0,01d176f960261e3fda8c2c4ecb11840f0cddf42b,9bc20a56129f7b287a9259d89c9461ee144d5a070fff83a55ece7241933f1e42,994-466-531,DNI,17951566-D
Mr,Alfonso,Ortiz,6954,Calle de Ferraz,Valencia,Andalucía,Spain,28401,74.9899,-104.3558,0:00,"Western Europe Time, London, Lisbon, Casablanca",alfonso.ortiz@example.com,4567322e-f3b5-45b2-8279-c244f6360ef7,goldenmeercat934,bigmac,Weh7AqmE,7bef92378f95917ed15d642b75b26574,54d2057349c9859888b43716d5a4fe87c0f02ac4,f04c2f5f17a7ba16a0746f9cb7eeb389b9d9a313cdc04d2580d0ba30c6c6b011,964-432-860,DNI,98212117-N
Mrs,Cristina,Suarez,2992,Calle de La Luna,Torrente,Andalucía,Spain,18414,-10.7941,-48.5589,+1:00,"Brussels, Copenhagen, Madrid, Paris",cristina.suarez@example.com,900c3bda-c575-4ca3-a59d-ae0ee3fdbc41,goldenmeercat305,lennon,qXYjCJP8,fbe4193604aaec6740bfd29a266efc83,786152b16a2fa40ee477684937cd341786038cb6,acaeb2f95e6eb3053ca5b7b8c52b4bdfc6053ab2485025970f0a9130de437b00,930-944-443,DNI,84256785-U
Mr,Rodrigo,Domínguez,5951,Calle del Barquillo,Castellón de la Plana,Comunidad de Madrid,Spain,94156,-23.7278,62.8197,+7:00,"Bangkok, Hanoi, Jakarta",rodrigo.dominguez@example.com,4bbc01a7-3c21-4df6-92ee-050c70b1f5bd,ticklishpanda261,mango,fcThj56f,e8ee1946ce7dd03f8b42ab941e044326,e5415f9e6f3074531e112c491106a5671d7d8b7a,7667ce531f9c942fead76497456e6d8420a8fbcfef64c050c0010e93e8950e07,958-280-683,DNI,51089038-R
Mr,Domingo,Parra,2510,Calle de Téllez,Pozuelo de Alarcón,Comunidad de Madrid,Spain,98614,-65.2021,-126.0628,+4:00,"Abu Dhabi, Muscat, Baku, Tbilisi",domingo.parra@example.com,b67ec306-b065-4255-ab83-6fdab197781d,yellowswan736,sinister,y8N2AOIz,7bb2cf4c9179ff6e52337f6e6e3107e0,423e7b26bfef71f3289fee51dd288047bbec0e84,c45ba8282a4cdb1891da241524612fe731045c096b8dafb6f54823d446f7492a,966-228-403,DNI,36411012-O
Mr,Benito,Marín,233,Avenida de América,San Sebastián,Castilla la Mancha,Spain,73448,33.0262,80.1154,-6:00,"Central Time (US & Canada), Mexico City",benito.marin@example.com,8b678905-829f-4292-8c2c-d799143b676c,tinyladybug472,tzpvaw,Jr6UO8aO,e4b356a793101fae23da7a90353ac297,aa8699b00b6774967ff6a04f288e68eee0f21d42,632265cf7ca81746ea2ed1638e33f0348926aeb21ae2d67fec95a9a325e23583,980-843-673,DNI,58114696-K
Mr,Santiago,Rubio,6161,Calle Covadonga,Cuenca,Aragón,Spain,57302,32.9756,95.0609,-12:00,"Eniwetok, Kwajalein",santiago.rubio@example.com,d7cb3050-b780-40eb-ad26-f7f692d330ea,ticklishzebra601,noodle,kGY0lhu9,8cf64a058d3b3704be35482ad89b826c,fa7dea8feee25d04714f20ea52732661052c8407,418a34ccdebbd1f1a15bc77bb8069174fbe7437bc6f401848a169cc38a0710bd,951-970-350,DNI,33050031-I
Ms,Juana,Arias,4325,Paseo de Extremadura,Jerez de la Frontera,Ceuta,Spain,76459,26.3972,88.3124,-11:00,"Midway Island, Samoa",juana.arias@example.com,9e760990-acce-4c81-896a-390598f7e806,whitelion480,chanel,KWIiINWp,71f32346fcee875bfd211dd59fd4a62d,c25165a41a16798d460b9f6fba17b1b0b6ea21af,8c3d53a52fc3668c3e0547a0698c76f6b425e92f194a9042f54ea25c8ae2573a,947-571-072,DNI,14449471-T
Ms,Alejandra,Bravo,5997,Calle de La Almudena,Vigo,País Vasco,Spain,59078,-72.7411,-94.9778,-5:00,"Eastern Time (US & Canada), Bogota, Lima",alejandra.bravo@example.com,0046f9f2-0462-4b41-a0ca-e11074672105,happybird565,ledzep,k5xLAfsW,56863eda720c3879021c43974fcb879a,b74c5be2dd53e7ff517ff9e2803ffc7e51b83d11,06313bf7bdeb908d322a8511a56290c67f6381ec29a94bbccf2c5975a07e8d3d,910-763-561,DNI,42333173-B
Mrs,Victoria,Romero,905,Calle de Toledo,Talavera de la Reina,Región de Murcia,Spain,48126,74.4277,77.2940,-12:00,"Eniwetok, Kwajalein",victoria.romero@example.com,aef5f2f6-44e3-4363-b9ac-8bf622da56a9,goldendog481,bumble,L6LFfFDU,1e8a6f3506f4d7053682b23373d2dbe8,273b4975abd3e3d310d62055cb580c622bb36f8c,4d0cbdcf9608fd8060fef0998c1c12dff225250abfd411337d2e0dc98ae12cd5,923-644-257,DNI,71235930-P
Mr,Joan,Mora,5714,Avenida de Burgos,Alcobendas,Extremadura,Spain,57192,-15.0524,-84.4364,-9:00,Alaska,joan.mora@example.com,1e947203-a332-4786-881b-f17f66a98525,organicbear700,8989,nQ1chh01,c9f20f5b8d11a2492057d29422d55cf4,f446ed4bd2c68301f48172e3ccc51038a6bac6eb,779c27fa096be863338069d7b1fd66c39d458813521e51e847e1d3bd88d16848,994-309-738,DNI,58611684-V